Year,Country,Medals,Athletes
1992,United States,108,545
1992,Unified Team,112,475
1992,Germany,82,463
1992,Spain,22,422
1992,Great Britain,20,371
1992,France,29,339
1992,Italy,19,304
1992,Canada,18,295
1992,Australia,27,279
1992,Japan,22,256
1992,China,54,244
1992,South Korea,29,226
1992,Hungary,30,217
1992,Czechoslovakia,7,208
1992,Netherlands,15,201
1992,Poland,19,201
1992,Sweden,12,187
1992,Brazil,3,182
1992,Cuba,31,176
1992,Romania,18,173
1992,Bulgaria,16,138
1992,New Zealand,10,134
1992,Denmark,6,110
1992,Austria,2,102
1992,Mexico,1,102
1992,Switzerland,1,102
1992,South Africa,2,93
1992,Portugal,0,90
1992,Finland,5,88
1992,Argentina,1,84
1992,Norway,7,83
1992,Egypt,0,75
1992,Puerto Rico,1,71
1992,Greece,2,70
1992,Belgium,3,68
1992,North Korea,9,64
1992,Independent Olympic Participants,3,58
1992,Ireland,2,58
1992,Nigeria,4,55
1992,India,0,52
1992,Colombia,1,49
1992,Kenya,8,49
1992,Lithuania,2,47
1992,Thailand,1,46
1992,Morocco,3,44
1992,Indonesia,5,42
1992,Turkey,6,41
1992,Croatia,3,39
1992,Hong Kong,0,38
1992,Estonia,2,37
1992,Iran,3,36
1992,Jamaica,4,36
1992,Algeria,2,35
1992,Slovenia,2,35
1992,Ghana,1,34
1992,Latvia,3,34
1992,Mongolia,2,33
1992,Dominican Republic,0,32
1992,Kuwait,0,32
1992,Chinese Taipei,1,31
1992,Israel,2,30
1992,Angola,0,28
1992,Qatar,1,28
1992,Iceland,0,27
1992,Pakistan,1,27
1992,Paraguay,0,27
1992,Malaysia,1,26
1992,Philippines,1,26
1992,Venezuela,0,26
1992,Virgin Islands,0,25
1992,Guam,0,22
1992,Bermuda,0,20
1992,Ethiopia,3,20
1992,Senegal,0,20
1992,Zimbabwe,0,19
1992,Fiji,0,18
1992,Barbados,0,17
1992,Cyprus,0,17
1992,San Marino,0,17
1992,Zaire,0,17
1992,Costa Rica,0,16
1992,Peru,1,16
1992,Uruguay,0,16
1992,Central African Republic,0,15
1992,Bahamas,1,14
1992,Guatemala,0,14
1992,Singapore,0,14
1992,Antigua and Barbuda,0,13
1992,Bolivia,0,13
1992,Ecuador,0,13
1992,Ivory Coast,0,13
1992,Madagascar,0,13
1992,Mauritius,0,13
1992,Papua New Guinea,0,13
1992,Tunisia,0,13
1992,United Arab Emirates,0,13
1992,Chile,0,12
1992,Lebanon,0,12
1992,Seychelles,0,11
1992,Sierra Leone,0,11
1992,Sri Lanka,0,11
1992,Bahrain,0,10
1992,Belize,0,10
1992,Bosnia and Herzegovina,0,10
1992,Cayman Islands,0,10
1992,Honduras,0,10
1992,Rwanda,0,10
1992,Saudi Arabia,0,9
1992,Tanzania,0,9
1992,Zambia,0,9
1992,Andorra,0,8
1992,Cameroon,0,8
1992,Djibouti,0,8
1992,Guinea,0,8
1992,Iraq,0,8
1992,Nicaragua,0,8
1992,Syria,0,8
1992,Uganda,0,8
1992,Yemen,0,8
1992,Albania,0,7
1992,Republic of the Congo,0,7
1992,Equatorial Guinea,0,7
1992,Haiti,0,7
1992,Liechtenstein,0,7
1992,Maldives,0,7
1992,Trinidad and Tobago,0,7
1992,Vietnam,0,7
1992,Bangladesh,0,6
1992,Benin,0,6
1992,Bhutan,0,6
1992,Botswana,0,6
1992,Chad,0,6
1992,Guyana,0,6
1992,Laos,0,6
1992,Lesotho,0,6
1992,Luxembourg,0,6
1992,Malta,0,6
1992,Mauritania,0,6
1992,Mozambique,0,6
1992,Namibia,2,6
1992,Saint Vincent and the Grenadines,0,6
1992,Sudan,0,6
1992,Swaziland,0,6
1992,Togo,0,6
1992,Vanuatu,0,6
1992,Aruba,0,5
1992,Gabon,0,5
1992,The Gambia,0,5
1992,Libya,0,5
1992,Mali,0,5
1992,Oman,0,5
1992,Panama,0,5
1992,Tonga,0,5
1992,Western Samoa,0,5
1992,British Virgin Islands,0,4
1992,Burkina Faso,0,4
1992,El Salvador,0,4
1992,Grenada,0,4
1992,Jordan,0,4
1992,Malawi,0,4
1992,Myanmar,0,4
1992,Netherlands Antilles,0,4
1992,American Samoa,0,3
1992,Niger,0,3
1992,Cook Islands,0,2
1992,Monaco,0,2
1992,Nepal,0,2
1992,Solomon Islands,0,1
1996,Afghanistan,0,2
1996,Albania,0,7
1996,Algeria,3,45
1996,American Samoa,0,7
1996,Andorra,0,8
1996,Angola,0,28
1996,Antigua and Barbuda,0,13
1996,Argentina,3,179
1996,Armenia,2,32
1996,Aruba,0,3
1996,Australia,41,417
1996,Austria,3,72
1996,Azerbaijan,1,23
1996,Bahamas,1,26
1996,Bahrain,0,5
1996,Bangladesh,0,4
1996,Barbados,0,13
1996,Belarus,15,157
1996,Belgium,6,61
1996,Belize,0,5
1996,Benin,0,5
1996,Bermuda,0,9
1996,Bhutan,0,2
1996,Bolivia,0,8
1996,Bosnia and Herzegovina,0,9
1996,Botswana,0,7
1996,Brazil,15,221
1996,British Virgin Islands,0,7
1996,Brunei,0,1
1996,Bulgaria,15,110
1996,Burkina Faso,0,5
1996,Burundi,1,7
1996,Cambodia,0,5
1996,Cameroon,0,15
1996,Canada,22,303
1996,Cape Verde,0,3
1996,Cayman Islands,0,9
1996,Central African Republic,0,5
1996,Chad,0,4
1996,Chile,0,21
1996,China,50,294
1996,Colombia,0,48
1996,Comoros,0,4
1996,Republic of the Congo,0,5
1996,Cook Islands,0,3
1996,Costa Rica,1,11
1996,Croatia,2,84
1996,Cuba,25,164
1996,Cyprus,0,17
1996,Czech Republic,11,115
1996,Denmark,6,119
1996,Djibouti,0,5
1996,Dominica,0,6
1996,Dominican Republic,0,16
1996,Ecuador,1,19
1996,Egypt,0,29
1996,El Salvador,0,8
1996,Equatorial Guinea,0,5
1996,Estonia,0,43
1996,Ethiopia,3,18
1996,Fiji,0,17
1996,Finland,4,76
1996,France,37,299
1996,Gabon,0,7
1996,The Gambia,0,9
1996,Georgia,2,34
1996,Germany,65,465
1996,Ghana,0,35
1996,Great Britain,15,300
1996,Greece,8,121
1996,Grenada,0,5
1996,Guam,0,8
1996,Guatemala,0,26
1996,Guinea,0,5
1996,Guinea-Bissau,0,3
1996,Guyana,0,7
1996,Haiti,0,7
1996,Honduras,0,7
1996,Hong Kong,1,23
1996,Hungary,21,213
1996,Iceland,0,9
1996,India,1,49
1996,Indonesia,4,40
1996,Iran,3,18
1996,Iraq,0,3
1996,Ireland,4,78
1996,Israel,1,25
1996,Italy,35,340
1996,Ivory Coast,0,11
1996,Jamaica,6,45
1996,Japan,14,306
1996,Jordan,0,5
1996,Kazakhstan,11,96
1996,Kenya,8,52
1996,North Korea,5,24
1996,South Korea,27,303
1996,Kuwait,0,25
1996,Kyrgyzstan,0,33
1996,Laos,0,5
1996,Latvia,1,47
1996,Lebanon,0,1
1996,Lesotho,0,9
1996,Liberia,0,5
1996,Libya,0,5
1996,Liechtenstein,0,2
1996,Lithuania,1,61
1996,Luxembourg,0,6
1996,Macedonia,0,11
1996,Madagascar,0,11
1996,Malawi,0,2
1996,Malaysia,2,35
1996,Maldives,0,6
1996,Mali,0,3
1996,Malta,0,7
1996,Mauritania,0,4
1996,Mauritius,0,26
1996,Mexico,1,98
1996,Moldova,2,40
1996,Monaco,0,3
1996,Mongolia,1,16
1996,Morocco,2,34
1996,Mozambique,1,3
1996,Myanmar,0,3
1996,Namibia,2,8
1996,Nauru,0,3
1996,Nepal,0,6
1996,Netherlands,19,239
1996,Netherlands Antilles,0,6
1996,New Zealand,6,95
1996,Nicaragua,0,26
1996,Niger,0,3
1996,Nigeria,6,65
1996,Norway,7,97
1996,Oman,0,4
1996,Pakistan,0,24
1996,Palestine,0,1
1996,Panama,0,7
1996,Papua New Guinea,0,11
1996,Paraguay,0,7
1996,Peru,0,29
1996,Philippines,1,12
1996,Poland,17,165
1996,Portugal,2,107
1996,Puerto Rico,1,69
1996,Qatar,0,12
1996,Romania,20,165
1996,Russia,63,390
1996,Rwanda,0,4
1996,Saint Kitts and Nevis,0,10
1996,Saint Lucia,0,6
1996,Saint Vincent and the Grenadines,0,8
1996,Western Samoa,0,5
1996,San Marino,0,7
1996,São Tomé and Príncipe,0,2
1996,Saudi Arabia,0,29
1996,Senegal,0,11
1996,Seychelles,0,9
1996,Sierra Leone,0,14
1996,Singapore,0,14
1996,Slovakia,3,71
1996,Slovenia,2,37
1996,Solomon Islands,0,4
1996,Somalia,0,4
1996,South Africa,5,84
1996,Spain,17,289
1996,Sri Lanka,0,9
1996,Sudan,0,4
1996,Suriname,0,7
1996,Swaziland,0,6
1996,Sweden,8,177
1996,Switzerland,7,115
1996,Syria,1,7
1996,Chinese Taipei,1,74
1996,Tajikistan,0,8
1996,Tanzania,0,7
1996,Thailand,2,37
1996,Togo,0,5
1996,Tonga,1,5
1996,Trinidad and Tobago,2,12
1996,Tunisia,1,51
1996,Turkey,6,53
1996,Turkmenistan,0,7
1996,Uganda,1,10
1996,Ukraine,23,231
1996,United Arab Emirates,0,4
1996,United States,101,646
1996,Uruguay,0,14
1996,Uzbekistan,2,71
1996,Vanuatu,0,4
1996,Venezuela,0,39
1996,Vietnam,0,6
1996,Virgin Islands,0,12
1996,Yemen,0,4
1996,FR Yugoslavia,4,68
1996,Zaire,0,14
1996,Zambia,1,8
1996,Zimbabwe,0,13
2000,Albania,0,4
2000,Algeria,5,47
2000,American Samoa,0,4
2000,Andorra,0,5
2000,Angola,0,30
2000,Antigua and Barbuda,0,3
2000,Argentina,4,143
2000,Armenia,1,25
2000,Aruba,0,5
2000,Australia,58,617
2000,Austria,3,92
2000,Azerbaijan,3,31
2000,Bahamas,3,25
2000,Bahrain,0,4
2000,Bangladesh,0,5
2000,Barbados,1,18
2000,Belarus,17,139
2000,Belgium,5,68
2000,Belize,0,2
2000,Benin,0,4
2000,Bermuda,0,6
2000,Bhutan,0,2
2000,Bolivia,0,5
2000,Bosnia and Herzegovina,0,9
2000,Botswana,0,7
2000,Brazil,12,198
2000,British Virgin Islands,0,1
2000,Brunei,0,2
2000,Bulgaria,13,91
2000,Burkina Faso,0,4
2000,Burundi,0,6
2000,Cambodia,0,4
2000,Cameroon,1,34
2000,Canada,14,294
2000,Cape Verde,0,2
2000,Cayman Islands,0,3
2000,Central African Republic,0,3
2000,Chad,0,2
2000,Chile,1,50
2000,China,58,271
2000,Colombia,1,44
2000,Comoros,0,2
2000,Republic of the Congo,0,5
2000,Cook Islands,0,2
2000,Costa Rica,2,7
2000,Croatia,2,88
2000,Cuba,29,229
2000,Cyprus,0,22
2000,Czech Republic,8,119
2000,Democratic Republic of the Congo,0,2
2000,Denmark,6,97
2000,Djibouti,0,2
2000,Dominica,0,4
2000,Dominican Republic,0,13
2000,Ecuador,0,10
2000,Egypt,0,89
2000,El Salvador,0,8
2000,Equatorial Guinea,0,4
2000,Eritrea,0,3
2000,Estonia,3,33
2000,Ethiopia,8,26
2000,Federated States of Micronesia,0,5
2000,Fiji,0,7
2000,Finland,4,70
2000,France,38,336
2000,Gabon,0,5
2000,The Gambia,0,2
2000,Georgia,6,36
2000,Germany,56,422
2000,Ghana,0,22
2000,Great Britain,28,310
2000,Greece,13,140
2000,Grenada,0,3
2000,Guam,0,7
2000,Guatemala,0,15
2000,Guinea,0,6
2000,Guinea-Bissau,0,3
2000,Guyana,0,4
2000,Haiti,0,5
2000,Honduras,0,20
2000,Hong Kong,0,31
2000,Hungary,17,178
2000,Iceland,1,18
2000,India,1,65
2000,Individual Olympic Athletes,0,4
2000,Indonesia,6,47
2000,Iran,4,33
2000,Iraq,0,4
2000,Ireland,1,64
2000,Israel,1,39
2000,Italy,34,361
2000,Ivory Coast,0,14
2000,Jamaica,9,48
2000,Japan,18,266
2000,Jordan,0,8
2000,Kazakhstan,7,130
2000,Kenya,7,56
2000,Kuwait,1,29
2000,Kyrgyzstan,1,48
2000,Laos,0,3
2000,Latvia,3,45
2000,Lebanon,0,6
2000,Lesotho,0,6
2000,Liberia,0,8
2000,Libya,0,3
2000,Liechtenstein,0,2
2000,Lithuania,5,61
2000,Luxembourg,0,7
2000,Macedonia,1,10
2000,Madagascar,0,11
2000,Malawi,0,2
2000,Malaysia,0,40
2000,Maldives,0,4
2000,Mali,0,5
2000,Malta,0,7
2000,Mauritania,0,2
2000,Mauritius,0,20
2000,Mexico,6,78
2000,Moldova,2,34
2000,Monaco,0,4
2000,Mongolia,0,20
2000,Morocco,5,55
2000,Mozambique,1,5
2000,Myanmar,0,7
2000,Namibia,0,11
2000,Nauru,0,2
2000,Nepal,0,5
2000,Netherlands,25,231
2000,Netherlands Antilles,0,7
2000,New Zealand,4,147
2000,Nicaragua,0,6
2000,Niger,0,4
2000,Nigeria,3,83
2000,North Korea,4,31
2000,Norway,10,93
2000,Oman,0,6
2000,Pakistan,0,27
2000,Palau,0,5
2000,Palestine,0,2
2000,Panama,0,6
2000,Papua New Guinea,0,5
2000,Paraguay,0,5
2000,Peru,0,21
2000,Philippines,0,20
2000,Poland,14,187
2000,Portugal,2,61
2000,Puerto Rico,0,29
2000,Qatar,1,17
2000,Romania,26,145
2000,Russia,89,435
2000,Rwanda,0,5
2000,Saint Kitts and Nevis,0,2
2000,Saint Lucia,0,5
2000,Saint Vincent and the Grenadines,0,4
2000,Samoa,0,5
2000,San Marino,0,4
2000,São Tomé and Príncipe,0,2
2000,Saudi Arabia,2,18
2000,Senegal,0,26
2000,Seychelles,0,9
2000,Sierra Leone,0,3
2000,Singapore,0,14
2000,Slovakia,5,108
2000,Slovenia,2,74
2000,Solomon Islands,0,2
2000,Somalia,0,2
2000,South Africa,5,127
2000,South Korea,28,281
2000,Spain,11,321
2000,Sri Lanka,1,18
2000,Sudan,0,3
2000,Suriname,0,4
2000,Swaziland,0,6
2000,Sweden,12,150
2000,Switzerland,9,102
2000,Syria,0,8
2000,Chinese Taipei,5,55
2000,Tajikistan,0,4
2000,Tanzania,0,4
2000,Thailand,3,52
2000,Togo,0,3
2000,Tonga,0,3
2000,Trinidad and Tobago,2,19
2000,Tunisia,0,47
2000,Turkey,5,57
2000,Turkmenistan,0,8
2000,Uganda,0,13
2000,Ukraine,23,230
2000,United Arab Emirates,0,4
2000,United States,93,586
2000,Uruguay,1,15
2000,Uzbekistan,4,70
2000,Vanuatu,0,3
2000,Venezuela,0,50
2000,Vietnam,1,7
2000,Virgin Islands,0,9
2000,Yemen,0,2
2000,FR Yugoslavia,3,109
2000,Zambia,0,8
2000,Zimbabwe,0,16
2004,Afghanistan,0,5
2004,Albania,0,7
2004,Algeria,0,61
2004,American Samoa,0,3
2004,Andorra,0,6
2004,Angola,0,30
2004,Antigua and Barbuda,0,5
2004,Argentina,6,152
2004,Armenia,0,18
2004,Aruba,0,4
2004,Australia,50,470
2004,Austria,7,74
2004,Azerbaijan,5,36
2004,Bahamas,2,22
2004,Bahrain,0,10
2004,Bangladesh,0,4
2004,Barbados,0,10
2004,Belarus,13,151
2004,Belgium,3,50
2004,Belize,0,2
2004,Benin,0,4
2004,Bermuda,0,10
2004,Bhutan,0,2
2004,Bolivia,0,7
2004,Bosnia and Herzegovina,0,9
2004,Botswana,0,11
2004,Brazil,10,243
2004,British Virgin Islands,0,1
2004,Brunei,0,1
2004,Bulgaria,12,95
2004,Burkina Faso,0,5
2004,Burundi,0,7
2004,Cambodia,0,4
2004,Cameroon,1,17
2004,Canada,12,262
2004,Cape Verde,0,3
2004,Cayman Islands,0,5
2004,Central African Republic,0,4
2004,Chad,0,1
2004,Chile,3,22
2004,China,63,383
2004,Colombia,2,53
2004,Comoros,0,3
2004,Republic of the Congo,0,5
2004,Cook Islands,0,3
2004,Costa Rica,0,20
2004,Croatia,5,81
2004,Cuba,27,151
2004,Cyprus,0,20
2004,Czech Republic,9,142
2004,Democratic Republic of the Congo,0,4
2004,Denmark,8,92
2004,Dominica,0,2
2004,Dominican Republic,1,33
2004,Ecuador,0,16
2004,Egypt,5,97
2004,El Salvador,0,7
2004,Equatorial Guinea,0,2
2004,Eritrea,1,4
2004,Estonia,3,42
2004,Ethiopia,7,26
2004,Federated States of Micronesia,0,5
2004,Fiji,0,8
2004,Finland,2,53
2004,France,33,308
2004,Gabon,0,5
2004,The Gambia,0,2
2004,Georgia,4,32
2004,Germany,49,441
2004,Ghana,0,26
2004,Great Britain,30,264
2004,Greece,16,426
2004,Grenada,0,5
2004,Guam,0,4
2004,Guatemala,0,18
2004,Guinea,0,3
2004,Guinea-Bissau,0,3
2004,Guyana,0,4
2004,Haiti,0,8
2004,Honduras,0,5
2004,Hong Kong,1,32
2004,Hungary,17,209
2004,Iceland,0,26
2004,India,1,73
2004,Indonesia,4,38
2004,Iran,6,37
2004,Iraq,0,24
2004,Ireland,0,46
2004,Israel,2,36
2004,Italy,32,364
2004,Ivory Coast,0,5
2004,Jamaica,5,47
2004,Japan,37,306
2004,Jordan,0,8
2004,Kazakhstan,8,114
2004,Kenya,7,46
2004,Kiribati,0,3
2004,North Korea,5,36
2004,South Korea,30,264
2004,Kuwait,0,11
2004,Kyrgyzstan,0,29
2004,Laos,0,5
2004,Latvia,4,32
2004,Lebanon,0,5
2004,Lesotho,0,3
2004,Liberia,0,2
2004,Libya,0,8
2004,Liechtenstein,0,1
2004,Lithuania,3,59
2004,Luxembourg,0,10
2004,Macedonia,0,10
2004,Madagascar,0,8
2004,Malawi,0,4
2004,Malaysia,0,26
2004,Maldives,0,4
2004,Mali,0,21
2004,Malta,0,7
2004,Mauritania,0,2
2004,Mauritius,0,9
2004,Mexico,4,109
2004,Moldova,0,33
2004,Monaco,0,3
2004,Mongolia,1,20
2004,Morocco,3,55
2004,Mozambique,0,4
2004,Myanmar,0,2
2004,Namibia,0,8
2004,Nauru,0,3
2004,Nepal,0,6
2004,Netherlands,22,210
2004,Netherlands Antilles,0,3
2004,New Zealand,5,148
2004,Nicaragua,0,5
2004,Niger,0,4
2004,Nigeria,2,70
2004,Norway,6,52
2004,Oman,0,2
2004,Pakistan,0,26
2004,Palau,0,4
2004,Palestine,0,3
2004,Panama,0,4
2004,Papua New Guinea,0,4
2004,Paraguay,1,22
2004,Peru,0,12
2004,Philippines,0,16
2004,Poland,10,194
2004,Portugal,3,81
2004,Puerto Rico,0,43
2004,Qatar,0,15
2004,Romania,19,108
2004,Russia,90,446
2004,Rwanda,0,5
2004,Saint Kitts and Nevis,0,2
2004,Saint Lucia,0,2
2004,Saint Vincent and the Grenadines,0,3
2004,São Tomé and Príncipe,0,2
2004,Samoa,0,3
2004,San Marino,0,5
2004,Saudi Arabia,0,16
2004,Senegal,0,15
2004,Serbia and Montenegro,2,85
2004,Seychelles,0,9
2004,Sierra Leone,0,2
2004,Singapore,0,16
2004,Slovakia,6,64
2004,Slovenia,4,79
2004,Solomon Islands,0,2
2004,Somalia,0,2
2004,South Africa,6,106
2004,Spain,20,316
2004,Sri Lanka,0,7
2004,Sudan,0,4
2004,Suriname,0,4
2004,Swaziland,0,3
2004,Sweden,7,115
2004,Switzerland,5,98
2004,Syria,1,6
2004,Chinese Taipei,5,88
2004,Tajikistan,0,9
2004,Tanzania,0,8
2004,Thailand,8,42
2004,East Timor,0,2
2004,Togo,0,3
2004,Tonga,0,5
2004,Trinidad and Tobago,1,19
2004,Tunisia,0,54
2004,Turkey,10,64
2004,Turkmenistan,0,9
2004,Uganda,0,11
2004,Ukraine,22,239
2004,United Arab Emirates,1,4
2004,United States,101,533
2004,Uruguay,0,15
2004,Uzbekistan,5,69
2004,Vanuatu,0,2
2004,Venezuela,2,48
2004,Vietnam,0,11
2004,Virgin Islands,0,6
2004,Yemen,0,3
2004,Zambia,0,6
2004,Zimbabwe,3,12
2008,China,100,599
2008,United States,112,588
2008,Russia,60,467
2008,Germany,41,463
2008,Australia,46,433
2008,Italy,27,333
2008,Canada,20,332
2008,Japan,25,332
2008,France,43,323
2008,Great Britain,51,312
2008,Spain,19,283
2008,Brazil,17,268
2008,South Korea,32,265
2008,Poland,11,257
2008,Ukraine,22,243
2008,Netherlands,16,237
2008,New Zealand,9,178
2008,Belarus,14,177
2008,Hungary,10,171
2008,Cuba,30,158
2008,Greece,3,152
2008,Czech Republic,7,134
2008,South Africa,1,134
2008,Argentina,6,132
2008,Kazakhstan,9,130
2008,Sweden,5,123
2008,Venezuela,1,108
2008,Romania,9,101
2008,Egypt,2,100
2008,Croatia,5,99
2008,Belgium,2,94
2008,Serbia,3,87
2008,Denmark,7,84
2008,Norway,9,84
2008,Mexico,4,83
2008,Switzerland,7,83
2008,Chinese Taipei,4,79
2008,Portugal,2,77
2008,Nigeria,5,74
2008,Lithuania,5,71
2008,Austria,3,70
2008,Bulgaria,5,70
2008,Colombia,3,67
2008,Turkey,5,67
2008,Slovenia,5,61
2008,North Korea,6,58
2008,Finland,4,57
2008,Slovakia,6,57
2008,Algeria,2,56
2008,Uzbekistan,4,56
2008,Ireland,3,55
2008,Iran,2,54
2008,India,3,53
2008,Jamaica,11,50
2008,Estonia,2,47
2008,Latvia,3,47
2008,Morocco,2,47
2008,Thailand,6,47
2008,Kenya,16,46
2008,Azerbaijan,6,44
2008,Israel,1,43
2008,Georgia,7,35
2008,Hong Kong,0,34
2008,Angola,0,32
2008,Cameroon,1,32
2008,Malaysia,1,32
2008,Moldova,1,29
2008,Mongolia,4,28
2008,Trinidad and Tobago,2,28
2008,Ethiopia,7,27
2008,Iceland,1,27
2008,Chile,1,26
2008,Tunisia,1,26
2008,Armenia,5,25
2008,Bahamas,2,25
2008,Ecuador,1,25
2008,Honduras,0,25
2008,Singapore,1,25
2008,Dominican Republic,2,24
2008,Indonesia,6,24
2008,Puerto Rico,0,22
2008,Ivory Coast,0,21
2008,Pakistan,0,21
2008,Kyrgyzstan,3,20
2008,Qatar,0,20
2008,Montenegro,0,19
2008,Cyprus,0,17
2008,Mali,0,17
2008,Philippines,0,15
2008,Senegal,0,15
2008,Tajikistan,2,15
2008,Bahrain,0,14
2008,Saudi Arabia,0,14
2008,Luxembourg,0,13
2008,Peru,0,13
2008,Vietnam,1,13
2008,Zimbabwe,4,13
2008,Guatemala,0,12
2008,Uruguay,0,12
2008,Albania,0,11
2008,Botswana,0,11
2008,El Salvador,0,11
2008,Mauritius,1,11
2008,Uganda,0,11
2008,Eritrea,0,10
2008,Namibia,0,10
2008,Turkmenistan,0,10
2008,Ghana,0,9
2008,Grenada,0,9
2008,Seychelles,0,9
2008,Sudan,1,9
2008,Tanzania,0,9
2008,Barbados,0,8
2008,Costa Rica,0,8
2008,Kuwait,0,8
2008,Nepal,0,8
2008,Sri Lanka,0,8
2008,United Arab Emirates,0,8
2008,Zambia,0,8
2008,Bolivia,0,7
2008,Haiti,0,7
2008,Jordan,0,7
2008,Macedonia,0,7
2008,Papua New Guinea,0,7
2008,Paraguay,0,7
2008,Syria,0,7
2008,Virgin Islands,0,7
2008,Bermuda,0,6
2008,Burkina Faso,0,6
2008,Fiji,0,6
2008,Guam,0,6
2008,Lebanon,0,6
2008,Libya,0,6
2008,Madagascar,0,6
2008,Malta,0,6
2008,Myanmar,0,6
2008,Nicaragua,0,6
2008,Samoa,1,6
2008,Andorra,0,5
2008,Antigua and Barbuda,0,5
2008,Bangladesh,0,5
2008,Benin,0,5
2008,Bosnia and Herzegovina,0,5
2008,Republic of the Congo,0,5
2008,Democratic Republic of the Congo,0,5
2008,Guinea,0,5
2008,Lesotho,0,5
2008,Marshall Islands,0,5
2008,Federated States of Micronesia,0,5
2008,Monaco,0,5
2008,Palau,0,5
2008,Panama,1,5
2008,Yemen,0,5
2008,Afghanistan,1,4
2008,American Samoa,0,4
2008,Belize,0,4
2008,Cambodia,0,4
2008,Cayman Islands,0,4
2008,Cook Islands,0,4
2008,Gabon,0,4
2008,Guyana,0,4
2008,Iraq,0,4
2008,Laos,0,4
2008,Malawi,0,4
2008,Maldives,0,4
2008,Mozambique,0,4
2008,Niger,0,4
2008,Oman,0,4
2008,Palestine,0,4
2008,Rwanda,0,4
2008,Saint Kitts and Nevis,0,4
2008,Saint Lucia,0,4
2008,San Marino,0,4
2008,Suriname,0,4
2008,Swaziland,0,4
2008,Togo,1,4
2008,Burundi,0,3
2008,Central African Republic,0,3
2008,Comoros,0,3
2008,Equatorial Guinea,0,3
2008,The Gambia,0,3
2008,Guinea-Bissau,0,3
2008,Liberia,0,3
2008,Netherlands Antilles,0,3
2008,São Tomé and Príncipe,0,3
2008,Sierra Leone,0,3
2008,Solomon Islands,0,3
2008,Tonga,0,3
2008,Tuvalu,0,3
2008,Vanuatu,0,3
2008,Aruba,0,2
2008,Bhutan,0,2
2008,British Virgin Islands,0,2
2008,Cape Verde,0,2
2008,Chad,0,2
2008,Djibouti,0,2
2008,Dominica,0,2
2008,Kiribati,0,2
2008,Liechtenstein,0,2
2008,Mauritania,0,2
2008,Saint Vincent and the Grenadines,0,2
2008,Somalia,0,2
2008,Nauru,0,1
2008,East Timor,0,1
2012,Great Britain,65,541
2012,United States,104,530
2012,Russia,65,436
2012,Australia,35,410
2012,Germany,44,392
2012,China,92,390
2012,France,35,330
2012,Japan,38,293
2012,Italy,28,284
2012,Spain,20,278
2012,Canada,18,277
2012,Brazil,17,258
2012,South Korea,31,245
2012,Ukraine,19,237
2012,Poland,11,218
2012,New Zealand,13,184
2012,Netherlands,20,175
2012,Belarus,10,165
2012,Hungary,18,157
2012,Argentina,4,137
2012,Sweden,8,134
2012,Czech Republic,11,133
2012,South Africa,6,125
2012,Belgium,3,115
2012,Serbia,4,115
2012,Kazakhstan,11,114
2012,Turkey,3,114
2012,Denmark,9,113
2012,Egypt,4,113
2012,Cuba,15,110
2012,Croatia,6,108
2012,Colombia,9,104
2012,Greece,2,103
2012,Romania,7,103
2012,Mexico,8,102
2012,Switzerland,4,102
2012,India,6,83
2012,Tunisia,3,83
2012,Portugal,1,77
2012,Austria,0,70
2012,Venezuela,1,70
2012,Morocco,1,67
2012,Ireland,6,66
2012,Slovenia,4,65
2012,Norway,4,64
2012,Bulgaria,3,63
2012,Lithuania,5,62
2012,Finland,3,55
2012,Nigeria,0,55
2012,Uzbekistan,3,54
2012,Azerbaijan,9,53
2012,Iran,13,53
2012,North Korea,7,51
2012,Jamaica,13,50
2012,Kenya,13,47
2012,Slovakia,4,47
2012,Latvia,2,46
2012,Chinese Taipei,2,44
2012,Algeria,1,42
2012,Hong Kong,1,42
2012,Israel,0,37
2012,Thailand,4,37
2012,Ecuador,0,36
2012,Chile,0,35
2012,Dominican Republic,2,35
2012,Ethiopia,8,35
2012,Georgia,6,35
2012,Angola,0,34
2012,Cameroon,1,33
2012,Estonia,2,33
2012,Montenegro,1,33
2012,Senegal,0,31
2012,Malaysia,2,30
2012,Trinidad and Tobago,4,30
2012,Mongolia,5,29
2012,Uruguay,0,29
2012,Honduras,0,27
2012,Iceland,0,27
2012,United Arab Emirates,0,26
2012,Armenia,2,25
2012,Puerto Rico,2,25
2012,Bahamas,1,24
2012,Gabon,1,24
2012,Singapore,2,23
2012,Indonesia,3,22
2012,Moldova,0,22
2012,Pakistan,0,21
2012,Guatemala,1,19
2012,Saudi Arabia,1,19
2012,Vietnam,1,18
2012,Peru,0,16
2012,Tajikistan,1,16
2012,Uganda,1,16
2012,Kyrgyzstan,0,14
2012,Cyprus,1,13
2012,Albania,0,12
2012,Bahrain,1,12
2012,Eritrea,0,12
2012,Qatar,2,12
2012,Costa Rica,0,11
2012,Kuwait,1,11
2012,Mauritius,0,11
2012,Philippines,0,11
2012,Ivory Coast,0,10
2012,El Salvador,0,10
2012,Grenada,1,10
2012,Lebanon,0,10
2012,Syria,0,10
2012,Turkmenistan,0,10
2012,Fiji,0,9
2012,Ghana,0,9
2012,Jordan,0,9
2012,Luxembourg,0,9
2012,Namibia,0,9
2012,Bermuda,0,8
2012,Cook Islands,0,8
2012,Guam,0,8
2012,Iraq,0,8
2012,Paraguay,0,8
2012,Papua New Guinea,0,8
2012,Samoa,0,8
2012,Republic of the Congo,0,7
2012,Virgin Islands,0,7
2012,Madagascar,0,7
2012,Panama,0,7
2012,Rwanda,0,7
2012,Saint Kitts and Nevis,0,7
2012,Sri Lanka,0,7
2012,Tanzania,0,7
2012,Zambia,0,7
2012,Zimbabwe,0,7
2012,Afghanistan,1,6
2012,Andorra,0,6
2012,Barbados,0,6
2012,Burundi,0,6
2012,Bosnia and Herzegovina,0,6
2012,Bolivia,0,6
2012,Central African Republic,0,6
2012,Cambodia,0,6
2012,Djibouti,0,6
2012,Federated States of Micronesia,0,6
2012,Guyana,0,6
2012,Mali,0,6
2012,Monaco,0,6
2012,Mozambique,0,6
2012,Myanmar,0,6
2012,Nicaragua,0,6
2012,Niger,0,6
2012,Seychelles,0,6
2012,Sudan,0,6
2012,Togo,0,6
2012,Antigua and Barbuda,0,5
2012,American Samoa,0,5
2012,Bangladesh,0,5
2012,Benin,0,5
2012,Burkina Faso,0,5
2012,Cayman Islands,0,5
2012,Haiti,0,5
2012,Libya,0,5
2012,Maldives,0,5
2012,Malta,0,5
2012,Nepal,0,5
2012,Palestine,0,5
2012,Palau,0,5
2012,Suriname,0,5
2012,Vanuatu,0,5
2012,Aruba,0,4
2012,Botswana,1,4
2012,Democratic Republic of the Congo,0,4
2012,Guinea-Bissau,0,4
2012,Guinea,0,4
2012,Independent Olympic Athletes,0,4
2012,Liberia,0,4
2012,Saint Lucia,0,4
2012,Lesotho,0,4
2012,Marshall Islands,0,4
2012,Macedonia,0,4
2012,Oman,0,4
2012,San Marino,0,4
2012,Solomon Islands,0,4
2012,Yemen,0,4
2012,Belize,0,3
2012,Brunei,0,3
2012,Chad,0,3
2012,Comoros,0,3
2012,Cape Verde,0,3
2012,Kiribati,0,3
2012,Laos,0,3
2012,Liechtenstein,0,3
2012,Malawi,0,3
2012,Swaziland,0,3
2012,Tonga,0,3
2012,Tuvalu,0,3
2012,Saint Vincent and the Grenadines,0,3
2012,Bhutan,0,2
2012,Dominica,0,2
2012,The Gambia,0,2
2012,Equatorial Guinea,0,2
2012,British Virgin Islands,0,2
2012,Mauritania,0,2
2012,Nauru,0,2
2012,Sierra Leone,0,2
2012,Somalia,0,2
2012,São Tomé and Príncipe,0,2
2012,East Timor,0,2
2016,United States,121,554
2016,Brazil,19,465
2016,Germany,42,425
2016,Australia,29,421
2016,China,70,413
2016,France,42,399
2016,Great Britain,67,366
2016,Japan,41,338
2016,Canada,22,314
2016,Italy,28,309
2016,Spain,17,306
2016,Russia,56,282
2016,Poland,11,243
2016,Netherlands,19,242
2016,Argentina,4,213
2016,South Korea,21,205
2016,Ukraine,11,203
2016,New Zealand,18,199
2016,Hungary,15,160
2016,Sweden,11,152
2016,Colombia,8,147
2016,South Africa,10,137
2016,Mexico,5,125
2016,Denmark,15,122
2016,Belarus,9,121
2016,Cuba,11,120
2016,Egypt,3,120
2016,India,2,117
2016,Belgium,6,108
2016,Czech Republic,10,105
2016,Kazakhstan,17,104
2016,Serbia,8,104
2016,Switzerland,7,104
2016,Turkey,8,103
2016,Romania,4,97
2016,Greece,6,95
2016,Portugal,1,92
2016,Kenya,13,89
2016,Croatia,10,87
2016,Venezuela,3,87
2016,Ireland,2,77
2016,Nigeria,1,75
2016,Austria,1,71
2016,Uzbekistan,13,70
2016,Jamaica,11,68
2016,Lithuania,4,67
2016,Algeria,2,64
2016,Iran,8,64
2016,Norway,4,62
2016,Slovenia,4,61
2016,Tunisia,3,61
2016,Chinese Taipei,3,60
2016,Azerbaijan,18,56
2016,Finland,1,56
2016,Thailand,6,54
2016,Bulgaria,3,51
2016,Fiji,1,51
2016,Morocco,1,51
2016,Slovakia,4,51
2016,Israel,2,48
2016,Estonia,1,45
2016,Mongolia,2,43
2016,Chile,0,42
2016,Puerto Rico,1,42
2016,Georgia,7,39
2016,Ecuador,0,38
2016,Hong Kong,0,38
2016,Qatar,1,38
2016,Bahrain,2,35
2016,North Korea,7,35
2016,Ethiopia,8,34
2016,Latvia,0,34
2016,Montenegro,0,34
2016,Armenia,4,33
2016,Malaysia,5,32
2016,Trinidad and Tobago,1,32
2016,Zimbabwe,0,31
2016,Dominican Republic,1,29
2016,Peru,0,29
2016,Bahamas,2,28
2016,Indonesia,3,28
2016,Honduras,0,26
2016,Angola,0,25
2016,Singapore,1,25
2016,Cameroon,0,24
2016,Iraq,0,23
2016,Moldova,0,23
2016,Vietnam,2,23
2016,Senegal,0,22
2016,Guatemala,0,21
2016,Uganda,0,21
2016,Kyrgyzstan,0,19
2016,Uruguay,0,17
2016,Cyprus,0,16
2016,Ghana,0,14
2016,Philippines,1,13
2016,United Arab Emirates,1,13
2016,Barbados,0,12
2016,Bolivia,0,12
2016,Botswana,0,12
2016,Eritrea,0,12
2016,Ivory Coast,2,12
2016,Mauritius,0,12
2016,Saudi Arabia,0,12
2016,Bosnia and Herzegovina,0,11
2016,Paraguay,0,11
2016,Republic of the Congo,0,10
2016,Costa Rica,0,10
2016,Haiti,0,10
2016,Luxembourg,0,10
2016,Namibia,0,10
2016,Panama,0,10
2016,Refugee Olympic Team,0,10
2016,Seychelles,0,10
2016,Antigua and Barbuda,0,9
2016,Aruba,0,9
2016,Burundi,1,9
2016,Cook Islands,0,9
2016,Independent Olympic Athletes,0,9
2016,Lebanon,0,9
2016,Sri Lanka,0,9
2016,Turkmenistan,0,9
2016,Bermuda,0,8
2016,El Salvador,0,8
2016,Iceland,0,8
2016,Jordan,1,8
2016,Kosovo,1,8
2016,Lesotho,0,8
2016,Papua New Guinea,0,8
2016,Rwanda,0,8
2016,Samoa,0,8
2016,Bangladesh,0,7
2016,Djibouti,0,7
2016,Grenada,1,7
2016,Libya,0,7
2016,Malta,0,7
2016,Myanmar,0,7
2016,Nepal,0,7
2016,Pakistan,0,7
2016,Saint Kitts and Nevis,0,7
2016,Syria,0,7
2016,Tajikistan,1,7
2016,Tanzania,0,7
2016,Tonga,0,7
2016,Virgin Islands,0,7
2016,Zambia,0,7
2016,Laos,0,6
2016,Afghanistan,0,6
2016,Albania,0,6
2016,Benin,0,6
2016,Cambodia,0,6
2016,Central African Republic,0,6
2016,Gabon,0,6
2016,Guyana,0,6
2016,Macedonia,0,6
2016,Madagascar,0,6
2016,Mali,0,6
2016,Mozambique,0,6
2016,Niger,1,6
2016,Palestine,0,6
2016,Sudan,0,6
2016,Suriname,0,6
2016,Andorra,0,5
2016,Burkina Faso,0,5
2016,Cape Verde,0,5
2016,Cayman Islands,0,5
2016,Guam,0,5
2016,Guinea,0,5
2016,Guinea-Bissau,0,5
2016,Malawi,0,5
2016,Marshall Islands,0,5
2016,Federated States of Micronesia,0,5
2016,Nicaragua,0,5
2016,Palau,0,5
2016,Saint Lucia,0,5
2016,Togo,0,5
2016,American Samoa,0,4
2016,British Virgin Islands,0,4
2016,Comoros,0,4
2016,Democratic Republic of the Congo,0,4
2016,The Gambia,0,4
2016,Maldives,0,4
2016,Oman,0,4
2016,Saint Vincent and the Grenadines,0,4
2016,San Marino,0,4
2016,Sierra Leone,0,4
2016,Vanuatu,0,4
2016,Belize,0,3
2016,Brunei,0,3
2016,Liechtenstein,0,3
2016,Monaco,0,3
2016,São Tomé and Príncipe,0,3
2016,Solomon Islands,0,3
2016,South Sudan,0,3
2016,East Timor,0,3
2016,Yemen,0,3
2016,Bhutan,0,2
2016,Chad,0,2
2016,Dominica,0,2
2016,Equatorial Guinea,0,2
2016,Liberia,0,2
2016,Mauritania,0,2
2016,Nauru,0,2
2016,Somalia,0,2
2016,Swaziland,0,2
2016,Tuvalu,0,1
